Model,MAE,RMSE,R2
LinearRegression,414.5328233544145,500.4286513067353,-1.3830538682858244
RandomForest,261.6066666666667,354.17774272876665,-0.193691380222639
